subject_id||video_interface||stereo_reception_system||stand_design||weight||package_width||3d_technology||stand||supported_computer_resolution||viewable_size||timer_functions||series||voltage||model||yearly_consumption||connectivity||dimensions_with_stand||depth||speakers_type||brand||tv_tuner||dimensions_without_stand||response_time||commercial_features||channel_lock||image_contrast||warranty||batteries_included||audio_surround||package_height||compatible_channels||analog_tv_tuner||24p_technology||digital_tv_tuner||widescreen_modes||brightness||stand_color||dlna||3d||mpn||supported_audio_formats||total_size||wattage_standby||motion_enhancement_technology||viewing_angle||supported_video_formats||package_weight||image_aspect_ratio||usb_ports||product_gtin||display_type||internet_services||remote_control_model||package_depth||refresh_rate||wifi_protocol||memory||width||digital_audio_format||display_resolution||hdcp_compatability||speakers_qty||wattage_operational||product_type||height||<http://www.w3.org/1999/02/22-rdf-syntax-ns#type>||computer_operating_system||pc_interface||color||closed_caption_capability||input_video_formats||hdmi_ports||supported_languages||supported_memory_cards||secondary_audio_program||backlight_technology||supported_picture_formats||builtin_dvd_player||
http://dws.products.catalog/ffb91137-2582-4d41-ac9a-91467078e086||component, composite, hdmi||||tabletop||19.6 lbs||43.5 in||||||||40 in||sleep, wake||eh5300||ac 120 v ( 60 hz )||un40eh5300||||lan||||3.7 in||2 x main channel speaker - built-in - 10 watt||samsung||||||||||||||||||yes||25.2 in||||ntsc||||atsc, qam||||||||||||un40eh5300||||40 in||||120 hz clear motion rate||||||29.5 lbs||||yes , 2 port(s)||00036725236943, 00794504962550||1080p (fullhd)||smart hub, social tv||samsung tm1250||6.5 in||||||||36.5 in||dts digital output, dolby digital plus output, dolby pulse output||1920 x 1080||yes||2 speakers||||led-backlit lcd tv - smart tv||21.7 in||<http://schema.org/Product>||||||black||||||3 port(s)||english, french, spanish||||yes||led backlight||||||
http://dws.products.catalog/42fb2cef-1755-4d90-8daf-5619599d1a5c||composite, hdmi||||||2.9 lbs||||||yes||||||sleep||tde||ac 120/230 v ( 50/60 hz )||tde1384b||||||12.5 in x 4.6 in x 10.4 in||4.6 in||2 x main channel speaker - built-in||gpx||||12.5 in x 1.9 in x 9.6 in||8 ms||||yes||3000:1||||yes||||||||ntsc||||atsc||conventional 4:3, zoom, 16:9, cinema||230 cd/m2||||||||tde1384b||||13.3 in||||||90 degrees||||||16:9||1 port(s)||||720p||||||||||||||12.5 in||||1366 x 768||yes||2||||led-backlit lcd tv||10.4 in||<http://schema.org/Product>||||vga (hd-15)||||yes||720p, 1080i, 1080p||1 port(s)||||multimediacard, memory stick, sd memory card||||led backlight||||yes||
http://dws.products.catalog/53f82ac7-74c4-4b97-b651-5a5368492c6b||component, composite, hdmi||||tabletop||||||||||||18.5 in||sleep||tde||ac 120/230 v ( 50/60 hz )||tde1982b||||||||||2 x main channel speaker - built-in||gpx||1x analog, 1x digital||||6.5 ms||||||||1 year warranty||||||||||ntsc||||atsc||||450 cd/m2||||||||tde1982b||mp3||19 in||||||176 degrees||||||16:9||yes , 1 port(s)||00047323019821||720p||||||||||||||||||1366 x 768||||2 speakers||||led-backlit lcd tv||||<http://schema.org/Product>||||vga (hd-15)||black||yes||720p, 1080i, 1080p||1 port(s)||||multimediacard, memory stick, sd memory card||||led backlight||jpg||||
http://dws.products.catalog/cfbcc730-6029-43ec-9f2c-63a2dbd94ad5||component, composite, hdmi||||tabletop||17.7 lbs||40.5 in||||||||40 in||||ju6700||ac 120 v ( 60 hz )||un40ju6700||||wi-fi, lan||||4.1 in||||samsung||||||||||||||||||yes||23.5 in||||||||atsc, qam||||||brushed silver||||||un40ju6700||||40 in||0.3 watt||120 clear motion rate||||||27.1 lbs||||yes , 3 ports||00887276088334||4k uhdtv (2160p)||smart hub||samsung tm1560a||6.8 in||||||||36.2 in||dolby digital output, dts digital output||3840 x 2160||yes||2 speakers||125 watt||curved led-backlit lcd tv - smart tv||21 in||<http://schema.org/Product>||||||||yes||||4 ports||english, french, spanish||||||led backlight||||||
http://dws.products.catalog/886c8b26-bd33-40c0-a00e-9d8ea5a91870||component, composite, hdmi||mts||tabletop||104.3 lbs||72.6 in||active||||1024 x 768 (xga), 640 x 480 (vga), 800 x 600 (svga), 1280 x 768 (wxga), 1280 x 1024 (sxga), 1360 x 768, 1920 x 1080, 3840 x 2160||65 in||sleep, wake||x930c||ac 120 v ( 60 hz )||xbr65x930c||64.5 in||wi-fi, lan||||3.5 in||2 x tweeter - built-in - 12.5 watt 2 x woofer - built-in - 12.5 watt 2 x subwoofer - built-in - 20 watt||sony||1x analog/digital combo||||||hotel mode, demo mode||yes||||1 year warranty||||yes||38.3 in||vhf:2-13, uhf:14-69, cable:1-135||ntsc||24p true cinema||atsc, qam||conventional 4:3, auto wide, full, wide zoom, zoom, normal||||silver mirror||||yes ( 3d glasses (2pcs) included )||xbr-65x930c/us||mp3, wma, wav, flac (free lossless audio codec)||65 in||0.5 watt||motionflow xr 1440 technology||178 degrees||mpeg-1, mpeg-2, mpeg-4, motion-jpeg, xvid, wmv, avi, mkv, mov, avchd, ts, 3gpp, ps, webm||127.9 lbs||16:9||yes , 3 port(s)||00027242887916||4k uhdtv (2160p)||||sony rmf-tx100u||8.6 in||||802.11b, 802.11g, 802.11n, 802.11a, 802.11ac||||67.2 in||dolby digital output, dts digital output, dolby digital plus output, dolby pulse output||3840 x 2160||yes||2 woofers, 2 tweeters, 2 subwoofers||299 watt||led-backlit lcd tv - smart tv||34.3 in||<http://schema.org/Product>||android tv||mobile high-definition link (mhl)||black||yes||1080/24p, 1080/60i, 480/60p, 720/60p, 1080/60p, 1080/30p, 480/60i, 2160/24p, 2160/30p, 720/24p, 720/30p, 2160/60p||4 port(s)||english, french, spanish||||yes||led backlight - edge-lit, local dimming||jpg, raw||||
http://dws.products.catalog/f8ad43ea-10d4-487b-b467-882a63d6f988||component, composite, hdmi||||||19.4 lbs||||||yes||||42.5 in||sleep||d43||ac 120 v ( 60 hz )||d43-c1||||||38 in x 8.3 in x 24.5 in||2.5 in||2 x main channel speaker - built-in||vizio||||38 in x 2.5 in x 22.4 in||||||yes||||1 year||||||||||||||||zoom, normal, panorama, wide, stretch||||||||||d43-c1||mp3||43 in||0.5 watt||120hz effective refresh rate||178 degrees||||||16:9||1 port(s)||00845226012235||1080p (fullhd)||||vizio xrt010||||120hz||||||38 in||dolby digital output||1920 x 1080||yes||2||46 watt||led-backlit lcd tv||22.4 in||<http://schema.org/Product>||||||||yes||||2 port(s)||english, french, spanish||||||led backlight - direct-lit led||jpg||||
http://dws.products.catalog/bfe608ca-ebcf-4b35-b9c9-d6aefc89d156||component, composite, hdmi||||tabletop||39.7 lbs||58.8 in||||||||54.6 in||||j6200a||ac 120 v ( 60 hz )||un55j6200a||||wi-fi, lan||||3.7 in||2 x main channel speaker - built-in - 10 watt||samsung||||||||||||||1 year warranty||||yes||33 in||||||||atsc, qam||||||black||yes||||un55j6200afxza||||55 in||||120 clear motion rate||||||57.3 lbs||||yes , 2 port(s)||00887276062013||1080p (fullhd)||||samsung tm1240a||6.7 in||||802.11n||||49.3 in||dts-hd high resolution audio digital output||1920 x 1080||yes||2 speakers||128 watt||led-backlit lcd tv - smart tv||28.7 in||<http://schema.org/Product>||||||||||||2 port(s)||english, french, spanish||||||led backlight||||||
http://dws.products.catalog/a28abd54-c92a-4736-9f54-303b9b274374||component, composite, hdmi||||tabletop||52.7 lbs||65.8 in||||||||64.5 in||||ju7100||ac 120 v ( 60 hz )||un65ju7100||||wi-fi, lan||||2.7 in||2 x main channel speaker - built-in - 10 watt||samsung||1x analog, 1x digital||||||||||||||||yes||37.5 in||||||||atsc, qam||||||brushed silver||yes||yes||un65ju7100fxza||||65 in||0.3 watt||240 clear motion rate||||||76.3 lbs||||yes , 3 port(s)||00887276094588||4k uhdtv (2160p)||smart hub||samsung tm1560a||7.3 in||||802.11ac||||57.6 in||dts digital output, dolby digital plus output||3840 x 2160||yes||2 speakers||265 watt||led-backlit lcd tv - smart tv||33.2 in||<http://schema.org/Product>||||mobile high-definition link (mhl)||black||yes||||4 port(s)||english, french, spanish||||||led backlight - local dimming||||||
http://dws.products.catalog/5e0571c3-2aa0-43f9-ba98-c28363d10089||component, composite, hdmi||||tabletop||33.07 lbs||55.8 in||||||||54.6 in||||ju6500||ac 120 v ( 60 hz )||un55ju6500||||wi-fi, lan||||2.5 in||||samsung||||||||||||||1 year warranty||||yes||32.1 in||||||||atsc, qam||||||black, glossy black deco||yes||||un55ju6500||||55 in||0.3 watt||120 clear motion rate||||||47.2 lbs||||yes , 3 ports||00087276075659, 00887276075655||4k uhdtv (2160p)||smart hub||samsung tm1260c||6.1 in||||||||48.8 in||dolby digital output, dts digital output, dolby digital plus output||3840 x 2160||yes||2 speakers||191 watt||led-backlit lcd tv - smart tv||28.3 in||<http://schema.org/Product>||||||||yes||||4 ports||english, french, spanish||||||led backlight||||||
http://dws.products.catalog/bc35216c-c8ca-40a7-b867-bf5a390816f8||component, composite, hdmi||||tabletop||16.75 lbs||43.7 in||||yes||||40 in||||ju6400||ac 120 v ( 60 hz )||un40ju6400||||wi-fi, lan||12.5 in x 7.7 in x 23.3 in||1.9 in||2 x main channel speaker - built-in - 10 watt||samsung||||12.5 in x 1.9 in x 21.1 in||||||||||||||yes||25.4 in||||||||atsc, qam||||||||yes||||un40ju6400fxza||||40 in||0.3 watt||60 hz refresh rate||||||23.4 lbs||||2 port(s)||00887276069623||4k uhdtv (2160p)||||samsung tm1240a||5.3 in||60 hz||||||12.5 in||dts digital output, dolby digital plus output||3840 x 2160||yes||2||120 watt||led-backlit lcd tv - smart tv||21.1 in||<http://schema.org/Product>||||mobile high-definition link (mhl)||black||||||3 port(s)||english, french, spanish||||||led backlight||||||
http://dws.products.catalog/84e2838d-a419-4a5b-a284-9463b01cea52||component, composite, hdmi||mts||tabletop||33.7 lbs||56.3 in||passive||yes||||54.6 in||||eg9600||ac 120/230 v ( 50/60 hz )||55eg9600||||wi-fi, lan||48 in x 8.4 in x 29.9 in||2 in||2 x main channel speaker - built-in - 10 watt||lg||||48 in x 2 in x 28.3 in||||||||||1 year||||yes||31.9 in||||||24p real cinema||||just scan||||||||yes||55eg9600/us||mp3, wma, pcm, ac3, aac, he-aac, e-ac3, dts||55 in||0.3 watt||||||divx hd||55.3 lbs||||3 port(s)||00719192596955||4k uhdtv (2160p)||||universal remote control||8.9 in||||||||48 in||||3840 x 2160||yes||2||||curved oled tv - smart tv||28.3 in||<http://schema.org/Product>||||||||||||3 port(s)||||||yes||||jpg, mpo, jps||||
http://dws.products.catalog/6fdaecb4-217f-4482-a1e0-8a4947ecb25d||component, composite, hdmi||mts||tabletop||94.8 lbs||65.7 in||active||||1024 x 768 (xga), 640 x 480 (vga), 800 x 600 (svga), 1280 x 768 (wxga), 1280 x 1024 (sxga), 1360 x 768, 1920 x 1080||69.5 in||sleep, wake||x850b||ac 120/230 v ( 50/60 hz )||xbr70x850b||||wi-fi, lan||||3 in||2 x main channel speaker - built-in - 10 watt||sony||1x analog/digital combo||||||hotel mode||yes||||1 year warranty||||yes||41.9 in||vhf:2-13, uhf:14-69, cable:1-135||ntsc||24p true cinema||atsc, qam||conventional 4:3, auto wide, full, wide zoom, zoom, normal, panorama, caption||||silver, black||yes||yes ( 3d glasses (2pcs) included )||xbr-70x850b||mp3, wma, wav, lpcm||70 in||0.2 watt||motionflow xr 240 technology||176 degrees||mpeg-1, mpeg-2, mpeg-4, motion-jpeg, xvid, wmv, avi, mkv, mov, avchd, ts, 3gpp, ps, webm||130.1 lbs||16:9||yes , 3 port(s)||00027242879157||4k uhdtv (2160p)||sony entertainment network||sony rm-yd102||19.2 in||||802.11b, 802.11g, 802.11n, 802.11a||||61.9 in||dolby digital output, dolby digital plus output, dolby pulse output||3840 x 2160||yes||2 speakers||305 watt||led-backlit lcd tv||36.9 in||<http://schema.org/Product>||||||black||yes||1080/24p, 1080/60i, 480/60p, 720/60p, 1080/60p, 1080/30p, 480/60i, 2160/24p, 2160/25p, 2160/30p, 720/24p, 720/30p, 2160/60p||4 port(s)||english, french, spanish||||yes||led backlight - frame dimming||jpg, raw, mpo||||
http://dws.products.catalog/3c9c9b36-5c14-4bd5-8e51-6d228b20df4a||component, composite, hdmi||mts||tabletop||131.6 lbs||84.9 in||passive||||1024 x 768 (xga), 640 x 480 (vga), 800 x 600 (svga), 1280 x 768 (wxga), 1280 x 1024 (sxga), 1360 x 768, 1920 x 1080||78.6 in||sleep, wake||x900b||ac 120/230 v ( 50/60 hz )||xbr79x900b||||wi-fi, lan||||4.4 in||2 x main channel speaker - built-in 2 x subwoofer - built-in||sony||||||||hotel mode||yes||||1 year warranty||||yes||47.4 in||vhf:2-13, uhf:14-69, cable:1-135||ntsc||24p true cinema||atsc, qam||conventional 4:3, auto wide, full, wide zoom, zoom, normal, panorama, caption||||chrome mirror||yes||yes ( 3d glasses (2pcs) included )||xbr-79x900b/us||mp3, wma, wav, lpcm||79 in||0.2 watt||motionflow xr 960||178 degrees||mpeg-1, mpeg-2, mpeg-4, motion-jpeg, xvid, wmv, avi, mkv, mov, avchd, ts, 3gpp, ps, webm||172 lbs||16:9||yes , 3 port(s)||00027242879102||4k uhdtv (2160p)||sony entertainment network||sony rm-yd102||20.9 in||||802.11b, 802.11g, 802.11n, 802.11a||||79.9 in||dolby digital output, dolby digital plus output, dolby pulse output||3840 x 2160||yes||2 speakers, 2 subwoofers||408 watt||led-backlit lcd tv||41.5 in||<http://schema.org/Product>||||||black||yes||1080/24p, 1080/60i, 480/60p, 720/60p, 1080/60p, 1080/30p, 480/60i, 2160/24p, 2160/25p, 2160/30p, 720/24p, 720/30p, 2160/60p||4 port(s)||english, french, spanish||||yes||led backlight - local dimming||jpg, raw, mpo||||
http://dws.products.catalog/f0311503-4d5a-4f53-a7f0-ef08edf80b1d||component, composite, hdmi||||tabletop||23.81 lbs||50.9 in||||||||48 in||||x830c||ac 120 v ( 60 hz )||xbr43x830c||||wi-fi, lan||||2 in||2 x main channel speaker - built-in - 10 watt||samsung||||||||||||||||||yes||28.1 in||||||||atsc, qam||||||||yes||||un48ju6400fxza||||48 in||0.3 watt||60 hz refresh rate||||||33.3 lbs||||yes , 2 port(s)||00887276069593||4k uhdtv (2160p)||||samsung tm1240a||5.2 in||||||||42.8 in||dts digital output, dolby digital plus output||3840 x 2160||yes||2 speakers||160 watt||led-backlit lcd tv - smart tv||24.8 in||<http://schema.org/Product>||||mobile high-definition link (mhl)||black||||||3 port(s)||english, french, spanish||||||led backlight||||||
http://dws.products.catalog/8ba6ac20-4219-4d09-b9c7-7ff20ca6dc05||component, composite, hdmi||||||25.13 lbs||46.5 in||||||||47.6 in||||d48||ac 120 v ( 60 hz )||d48-d0||85 kwh||wi-fi, lan||42.9 in x 9.8 in x 27.6 in x 25.1 lbs||9.8 in||2 x main channel speaker - built-in - 10 watt||vizio||||42.9 in x 2.9 in x 25.2 in x 24.3 lbs||||||||2000000:1||1 year warranty||||||29.6 in||||||||||||||||||||d48-d0||||48 in||0.5 watt||120hz effective refresh rate, clear action 240||178 degrees||||33.3 lbs||16:9||1 ports||00845226043475||1080p (full hd)||vizio internet apps plus||vizio xrt122||5.6 in||||802.11n||||42.9 in||dolby digital plus output||1920 x 1080||||2||135 watt||led-backlit lcd tv - smart tv||27.6 in||<http://schema.org/Product>||||||||||||3 ports||english, french, spanish||||||led backlight - full array, local dimming||||||
http://dws.products.catalog/995ea478-a822-44d8-a3c4-f48da4f19c18||component, composite, hdmi||mts||tabletop||22.7 lbs||45.4 in||||||||40 in||sleep, wake||es6100||||un40es6100||||wi-fi, lan||||1.8 in||2 x main channel speaker - built-in - 10 watt||samsung||||||||||yes||6000000:1||1 year warranty||||yes||25.4 in||||||||atsc, qam||||||||||||un40es6100||||40 in||||240 hz clear motion rate||||||30.2 lbs||||yes , 3 port(s)||00036725236998||1080p (fullhd)||smart hub||||5.2 in||||||||36.5 in||dolby digital plus output, dolby pulse output||1920 x 1080||yes||2 speakers||48 watt||led-backlit lcd tv - smart tv||21.8 in||<http://schema.org/Product>||||||black||yes||||3 port(s)||||||yes||led backlight||||||
http://dws.products.catalog/34eb9484-37a5-4809-9baf-0a27a126f963||component, composite, hdmi||mts||tabletop||31.7 lbs||46.9 in||||||1024 x 768 (xga), 640 x 480 (vga), 800 x 600 (svga), 1280 x 768 (wxga), 1280 x 1024 (sxga), 1360 x 768, 1920 x 1080, 3840 x 2160||48.5 in||sleep, wake||x830c||ac 120/230 v ( 50/60 hz )||xbr49x830c||||wi-fi, lan||||2.4 in||2 x main channel speaker - built-in - 10 watt||sony||1x analog/digital combo||||||hotel mode, demo mode||yes||||1 year warranty||||yes||31.2 in||vhf:2-13, uhf:14-69, cable:1-135||ntsc||24p true cinema||atsc, qam||conventional 4:3, auto wide, full, wide zoom, zoom, normal||||dark chrome mirror flat shaft||yes||||xbr-49x830c||mp3, wma, wav, flac (free lossless audio codec), lpcm||49 in||0.5 watt||motionflow xr 960||178 degrees||mpeg-1, mpeg-2, mpeg-4, motion-jpeg, xvid, wmv, avi, mkv, mov, avchd, ts, 3gpp, ps, webm||46.3 lbs||16:9||yes , 3 port(s)||00027242888043||4k uhdtv (2160p)||google play||sony rmt-tx100u||6.7 in||||802.11b, 802.11g, 802.11n, 802.11a, 802.11ac||||43 in||dolby digital output, dts digital output, dolby digital plus output, dolby pulse output||3840 x 2160||yes||2 speakers||150 watt||led-backlit lcd tv - smart tv||25.3 in||<http://schema.org/Product>||android tv||mobile high-definition link (mhl)||black||yes||1080/24p, 1080/60i, 480/60p, 720/60p, 1080/60p, 1080/30p, 480/60i, 2160/24p, 2160/30p, 720/24p, 720/30p, 2160/60p||4 port(s)||english, french, spanish||||yes||led backlight - edge-lit, frame dimming||jpg, raw||||
http://dws.products.catalog/307772ee-0641-4423-97c1-972411622745||component, composite, hdmi||||tabletop||29.54 lbs||53.6 in||||||||49.5 in||||js7000||ac 120 v ( 60 hz )||un50js7000||||wi-fi, lan, bluetooth||||2.5 in||||samsung||1x analog, 1x digital||||||||||||||||yes||29.4 in||||||||atsc, qam||||||dark titan||yes||||un50js7000fxza||||50 in||||120 clear motion rate||||||42.3 lbs||||yes , 3 ports||00887276130040||4k suhdtv (2160p)||smart hub||samsung tm1260c||6 in||||802.11ac||||44.4 in||dolby digital output, dts digital output, dolby digital plus output||3840 x 2160||yes||2 speakers||||led-backlit lcd tv - smart tv||25.8 in||<http://schema.org/Product>||||||||yes||||4 ports||english, french, spanish||||||led backlight - full array||||||
http://dws.products.catalog/bc0a7887-c4ad-4924-a182-644f5c83301b||component, composite, hdmi||||tabletop||34.6 lbs||55.7 in||||||||54.6 in||||ju7100||ac 120 v ( 60 hz )||un55ju7100||||wi-fi, lan||||2.7 in||2 x main channel speaker - built-in - 10 watt||samsung||1x analog, 1x digital||||||||||||1 year warranty||||yes||32 in||||||||atsc, qam||||||brushed silver||yes||yes||un55ju7100fxza||||55 in||0.3 watt||240 clear motion rate||||||52 lbs||||yes , 3 port(s)||00887276094540||4k uhdtv (2160p)||smart hub||samsung tm1560a||6.6 in||||802.11ac||||48.9 in||dts digital output, dolby digital plus output||3840 x 2160||yes||2 speakers||210 watt||led-backlit lcd tv - smart tv||28.2 in||<http://schema.org/Product>||||mobile high-definition link (mhl)||black||yes||||4 port(s)||english, french, spanish||||||led backlight - local dimming||||||
http://dws.products.catalog/c2caae52-d761-4fbe-a8bd-bebc5115b062||component, composite, hdmi||mts||tabletop||16.53 lbs||39.1 in||||||||39.6 in||||lf6300||ac 120/230 v ( 50/60 hz )||40lf6300||||wi-fi, lan||||2.2 in||||lg||||||||||yes||||1 year warranty||||yes||24 in||dtv:2-69, vhf:2-13, uhf:14-69, cable:1-135, dtv:1-135||ntsc||24p real cinema||atsc, qam||just scan||||||||||40lf6300||mp3, wma, pcm, ac3, aac, he-aac, e-ac3, dts||40 in||0.3 watt||120hz refresh rate||||divx hd||24.3 lbs||||yes , 3 ports||00719192596818||1080p (full hd)||||||5.3 in||||||||35.9 in||dolby digital output||1920 x 1080||yes||2 speakers||90 watt||led-backlit lcd tv - smart tv||20.8 in||<http://schema.org/Product>||||||||||||3 ports||||||yes||led backlight||jpg, mpo, jps||||
http://dws.products.catalog/2aed2b1d-a3a0-4954-a6fd-9062c898dc78||component, composite, hdmi||mts||tabletop||50.04 lbs||62.6 in||passive||||1024 x 768 (xga), 640 x 480 (vga), 800 x 600 (svga), 1280 x 768 (wxga), 1280 x 1024 (sxga), 1360 x 768, 1920 x 1080, 3840 x 2160||64.5 in||sleep, wake||x900||ac 120/230 v ( 60 hz )||xbr65x900c||||wi-fi, lan||57.1 in x 10.1 in x 35.3 in x 51.6 lbs||1.5 in||2 x speaker - built-in - 7.5 watt 2 x woofer - built-in - 7.5 watt||sony||1x analog/digital combo||57.1 in x 1.5 in x 32.9 in x 50 lbs||||hotel mode, demo mode||yes||||1 year warranty||||yes||38.5 in||vhf:2-13, uhf:14-69, cable:1-135||ntsc||24p true cinema||atsc, qam||conventional 4:3, auto wide, full, wide zoom, zoom, normal||||||||yes||xbr-65x900c/us||||65 in||||motionflow xr 960||178 degrees||||||16:9||3 port(s)||00027242887824||4k uhdtv (2160p)||sony entertainment network||sony rmf-tx100u||7.8 in||||802.11b, 802.11g, 802.11n, 802.11a, 802.11ac||||57.1 in||dolby digital output, dts digital output, dolby digital plus output, dolby pulse output||3840 x 2160||yes||2||||led-backlit lcd tv||32.9 in||<http://schema.org/Product>||||mobile high-definition link (mhl)||black||yes||1080/24p, 1080/60i, 480/60p, 720/60p, 1080/60p, 1080/30p, 480/60i, 2160/24p, 2160/30p, 720/24p, 720/30p, 2160/60p||4 port(s)||english, french, spanish||||yes||led backlight - edge-lit, frame dimming||||||
http://dws.products.catalog/9e98909d-c2cb-4b28-86f4-0ec6324b9ec5||component, composite, hdmi||||tabletop||37.04 lbs||54.7 in||||||||54.6 in||||hu6840||ac 120 v ( 60 hz )||un55hu6840||||wi-fi, lan||||2 in||2 x main channel speaker - built-in - 10 watt||samsung||||||||||yes||||1 year warranty||||yes||31.9 in||||||||atsc, qam||||||||||||un55hu6840fxza||||55 in||0.5 watt||240 clear motion rate||||||54 lbs||||yes , 3 port(s)||00887276072579||4k uhdtv (2160p)||smart hub||samsung tm1260c||7 in||||||||48.8 in||dolby digital output, dts digital output, dolby digital plus output, dolby pulse output||3840 x 2160||yes||2 speakers||188 watt||led-backlit lcd tv - smart tv||28.3 in||<http://schema.org/Product>||||||black||yes||||4 port(s)||english, french, spanish||||yes||led backlight||||||
http://dws.products.catalog/9d66a833-63e5-4f2b-a9ae-4642f1b02b84||component, composite, hdmi||mts||tabletop||12.8 lbs||35.5 in||||||||31.5 in||sleep, wake||eh5300||ac 120 v ( 60 hz )||un32eh5300||||wi-fi, lan||||3.7 in||2 x main channel speaker - built-in - 10 watt||samsung||1x analog, 1x digital||||||||||||1 year warranty||||yes||20.9 in||||||||||||||black||||||un32eh5300||||32 in||0.3 watt||120 hz clear motion rate||||||17.6 lbs||||yes , 2 port(s)||00036725236929, 00794504962659||1080p (fullhd)||smart hub||samsung tm1250||6.4 in||||||||29.1 in||dts digital output, dolby digital plus output, dolby pulse output||1920 x 1080||yes||2 speakers||69 watt||led-backlit lcd tv - smart tv||17.5 in||<http://schema.org/Product>||||||high glossy black||yes||||3 port(s)||english, french, spanish||||yes||led backlight||||||
http://dws.products.catalog/3faf87c5-549d-45df-a52e-c7306e4a04b0||component, composite, hdmi, s-video||||tabletop||||||||||||13.3 in||sleep||tde||ac 120/230 v ( 50/60 hz )||tde1380b||||||||||2 x main channel speaker - built-in||gpx||||||12 ms||||yes||500:1||90 days warranty||||yes||||||ntsc||||atsc||||200 cd/m2||||||||tde1380b||mp3||13.3 in||||||140 degrees||||||16:9||1 port(s)||||720p||||||||||||||||||1280 x 800||||2||||led-backlit lcd tv||||<http://schema.org/Product>||||vga (hd-15), hdmi||||yes||480p, 720p, 1080i, 1080p, 480i, 720i||3 port(s)||english, french, spanish||||||||jpg||yes||
http://dws.products.catalog/423b786b-4304-4b2d-a629-7e02299a094b||component, composite, hdmi||||tabletop||||53.6 in||||||||54.6 in||sleep, wake||x810c||||xbr55x810c||||wi-fi, lan, nfc||||||||sony||||||||||yes||||||||yes||33.1 in||||||24p true cinema||||auto wide, full, wide zoom, zoom, normal||||black||||||xbr-55x810c||||55 in||||motionflow xr 960||178 degrees||hevc||||16:9||yes , 3 ports||00027242888241||4k uhdtv (2160p)||google play, voice search||sony rmt-tx100u||8.5 in||||||||||dolby digital output, dolby digital plus output, dolby pulse output||3840 x 2160||yes||2 speakers||||led-backlit lcd tv - smart tv||||<http://schema.org/Product>||android tv||mobile high-definition link (mhl)||||||1080/24p, 1080/60i, 480/60p, 720/60p, 1080/60p, 1080/30p, 480/60i, 2160/24p, 2160/30p, 720/24p, 720/30p, 2160/60p||4 ports||english, french, spanish||||||led backlight - direct-lit led, frame dimming||||||
http://dws.products.catalog/09b171a0-2a03-4824-8338-52e45107cfe8||||||||||||||||||54.6 in||||x850b||||xbr55x850b||||||||||||sony||||||||||||||||||||||||||||||||||||||||xbr-55x850b||||55 in||||||||||||||||||||||||||||||||||||||||2||257 watt||led-backlit lcd tv||||<http://schema.org/Product>||||||||||||||||||||||||||
http://dws.products.catalog/2b7faf66-f835-4a52-895e-6eb730d91cd6||component, composite, hdmi||||tabletop||47.2 lbs||63.2 in||active - active shutter||||||60 in||||ju7100||ac 120 v ( 60 hz )||un60ju7100||||wi-fi, lan||||2.7 in||2 x main channel speaker - built-in - 10 watt||samsung||1x analog, 1x digital||||||||yes||||||||yes||35.1 in||||||||atsc, qam||||||brushed silver||yes||yes ( 3d glasses sold separately )||un60ju7100fxza||||60 in||0.3 watt||240 clear motion rate||||||69 lbs||||yes , 3 port(s)||00887276094564||4k uhdtv (2160p)||smart hub||samsung tm1560a||7.2 in||||802.11ac||||53.7 in||dts digital output, dolby digital plus output||3840 x 2160||yes||2 speakers||245 watt||led-backlit lcd tv - smart tv||31.1 in||<http://schema.org/Product>||||mobile high-definition link (mhl)||black||yes||||4 port(s)||english, french, spanish||||||led backlight - local dimming||||||
http://dws.products.catalog/50c4c9b6-2f6c-4b1b-84dc-569fe9ee93e9||component, composite, hdmi||mts||tabletop||38.14 lbs||53.9 in||passive||||1024 x 768 (xga), 640 x 480 (vga), 800 x 600 (svga), 1280 x 768 (wxga), 1280 x 1024 (sxga), 1360 x 768, 1920 x 1080, 3840 x 2160||54.6 in||sleep, wake||x900c||ac 120/230 v ( 60 hz )||xbr55x900c||||wi-fi, lan||||1.5 in||2 x speaker - built-in - 7.5 watt 2 x woofer - built-in - 7.5 watt||sony||1x analog/digital combo||||||hotel mode, demo mode||yes||||1 year warranty||||yes||33.6 in||vhf:2-13, uhf:14-69, cable:1-135||ntsc||24p true cinema||atsc, qam||conventional 4:3, auto wide, full, wide zoom, zoom, normal||||||||yes||xbr-55x900c/us||||55 in||0.5 watt||motionflow xr 960||178 degrees||||61.7 lbs||16:9||yes , 3 port(s)||00027242887817||4k uhdtv (2160p)||google play||sony rmt-tx100u||7.8 in||||802.11b, 802.11g, 802.11n, 802.11a, 802.11ac||||48.5 in||dolby digital output, dts digital output, dolby digital plus output, dolby pulse output||3840 x 2160||yes||2 speakers, 2 woofers||241 watt||led-backlit lcd tv - smart tv||28 in||<http://schema.org/Product>||android tv||mobile high-definition link (mhl)||black||yes||1080/24p, 1080/60i, 480/60p, 720/60p, 1080/60p, 1080/30p, 480/60i, 2160/24p, 2160/30p, 720/24p, 720/30p, 2160/60p||4 port(s)||english, french, spanish||||yes||led backlight - edge-lit, frame dimming||||||
http://dws.products.catalog/db6a766a-c08e-4741-81da-94dc8a1b6274||component, composite, hdmi||mts||tabletop||72.1 lbs||60.9 in||||||1024 x 768 (xga), 640 x 480 (vga), 800 x 600 (svga), 1280 x 768 (wxga), 1280 x 1024 (sxga), 1360 x 768, 1920 x 1080||64.5 in||sleep, wake||x800b||ac 120/230 v ( 50/60 hz )||xbr65x800b||||wi-fi, lan||||2.6 in||2 x main channel speaker - built-in - 10 watt||sony||1x analog/digital combo||||||hotel mode, variable audio output, demo mode||yes||||1 year warranty||||yes||37.5 in||vhf:2-13, uhf:14-69, cable:1-135||ntsc||24p true cinema||atsc, qam||conventional 4:3, auto wide, full, wide zoom, zoom, normal, panorama, caption||||silver||yes||||xbr-65x800b||mp3, wma, wav, lpcm||65 in||0.2 watt||motionflow xr 240 technology||178 degrees||mpeg-1, mpeg-2, mpeg-4, motion-jpeg, xvid, wmv, avi, mkv, mov, avchd, ts, 3gpp, ps, webm||92.6 lbs||16:9||yes , 3 port(s)||00027242885677||4k uhdtv (2160p)||sony entertainment network||sony rm-yd103||7.8 in||||802.11b, 802.11g, 802.11n, 802.11a||||57 in||dolby digital output, dolby digital plus output, dolby pulse output||3840 x 2160||yes||2 speakers||285 watt||led-backlit lcd tv||34.1 in||<http://schema.org/Product>||||mobile high-definition link (mhl)||silver||yes||1080/24p, 1080/60i, 480/60p, 720/60p, 1080/60p, 1080/30p, 480/60i, 2160/24p, 2160/25p, 2160/30p, 720/24p, 720/30p, 2160/60p||4 port(s)||english, french, spanish||||yes||led backlight - frame dimming||jpg, raw, mpo||||
http://dws.products.catalog/11266ef8-1220-47d5-b87e-68d224bfcd8d||component, composite, hdmi||||tabletop||28.2 lbs||53.6 in||||||||49.5 in||||j6300a||ac 120 v ( 60 hz )||un50j6300a||||wi-fi, lan, bluetooth||||2.5 in||2 x main channel speaker - built-in - 10 watt||samsung||1x analog, 1x digital||||||||||||||||yes||29.4 in||||||||atsc, qam||||||brushed silver||yes||||un50j6300afxza||||50 in||0.3 watt||120 clear motion rate||||||39 lbs||||yes , 3 port(s)||00887276107035||1080p (fullhd)||smart hub||samsung tm1260c||6 in||||802.11n||||44 in||dts digital output, dolby digital plus output||1920 x 1080||yes||2 speakers||150 watt||led-backlit lcd tv - smart tv||25.3 in||<http://schema.org/Product>||||||||yes||||4 port(s)||english, french, spanish||||||led backlight||||||
http://dws.products.catalog/e7d4daa0-5669-486f-bd76-c2dfc2d1d798||component, composite, hdmi||mts||tabletop||85.8 lbs||69.7 in||active||||||64.5 in||sleep, wake||x850a||ac 120 v ( 60 hz )||xbr65x850a||||wi-fi, lan||||15.9 in||2 x tweeter - built-in - 5 watt 2 x active subwoofer - built-in - 5 watt 1 x subwoofer - built-in - 10 watt||sony||1x analog, 1x digital||||||hotel mode||yes||||18 months warranty||||yes||37.4 in||vhf:2-13, uhf:14-69, cable:1-135||ntsc||24p true cinema||atsc, qam||conventional 4:3, auto wide, full, wide zoom, zoom, normal, panorama, caption||||chrome||yes||yes ( 3d glasses (4pcs) included )||xbr-65x850a||mp3, wma, wav, lpcm||65 in||0.2 watt||motionflow xr 960||178 degrees||mpeg-1, mpeg-2, mpeg-4, motion-jpeg, xvid, wmv, avi, mkv, mov, avchd, ts, 3gpp, ps, webm||108 lbs||16:9||yes , 3 port(s)||00027242871489||4k uhdtv (2160p)||bravia internet video, sony entertainment network||||9 in||||802.11b, 802.11g, 802.11n||||58.2 in||dolby digital output, dolby digital plus output, dolby pulse output||3840 x 2160||yes||subwoofer, 2 woofers, 2 tweeters||338 watt||led-backlit lcd tv||35.2 in||<http://schema.org/Product>||||||black||yes||1080/24p, 1080/60i, 480/60p, 720/60p, 1080/60p, 1080/30p, 480/60i, 2160/24p, 2160/25p, 2160/30p, 720/24p, 720/30p||4 port(s)||english, french, spanish||||yes||led backlight - dynamic edge led backlight, local dimming||jpg, raw, mpo||||
http://dws.products.catalog/b46bea48-2031-4e76-92b8-e238e8188fec||component, composite, hdmi||mts||tabletop||28.22 lbs||56.5 in||passive||||||55 in||||eg9100||ac 120/230 v ( 50/60 hz )||55eg9100||||wi-fi, lan||||3.4 in||||lg||||||||||||||1 year warranty||||yes||31.9 in||||||24p real cinema||||just scan||||||||yes ( 3d glasses (2pcs) included )||55eg9100/us||mp3, pcm, ac3, aac, he-aac, e-ac3, dts, mp2, ra||55 in||0.3 watt||||||divx hd||45 lbs||||yes , 3 ports||00719192601932||1080p (fullhd)||||||8.9 in||||||||48.2 in||||1920 x 1080||yes||2 speakers||||curved oled tv - smart tv||28.3 in||<http://schema.org/Product>||webos 2.0||||||||||3 ports||||||yes||||mpo, jps, jpeg||||
http://dws.products.catalog/4a22596c-8a07-4186-9c03-3e0daddf2ff7||component, composite, hdmi||mts||tabletop||53.1 lbs||61.1 in||active||||1024 x 768 (xga), 640 x 480 (vga), 800 x 600 (svga), 1280 x 768 (wxga), 1280 x 1024 (sxga), 1360 x 768, 1920 x 1080, 3840 x 2160||64.5 in||sleep, wake||x850c||ac 120/230 v ( 50/60 hz )||xbr65x850c||||wi-fi, lan||||3.1 in||2 x main channel speaker - built-in - 10 watt||sony||1x analog/digital combo||||||hotel mode, demo mode||yes||||1 year warranty||||yes||37.1 in||vhf:2-13, uhf:14-69, cable:1-135||ntsc||24p true cinema||atsc, qam||conventional 4:3, auto wide, full, wide zoom, zoom, normal||||dark chrome mirror flat shaft||yes||yes ( 3d glasses sold separately )||xbr-65x850c||mp3, wma, wav, flac (free lossless audio codec), lpcm||65 in||0.5 watt||motionflow xr 960||178 degrees||mpeg-1, mpeg-2, mpeg-4, motion-jpeg, xvid, wmv, avi, mkv, mov, avchd, ts, 3gpp, ps, webm||79.4 lbs||16:9||yes , 3 port(s)||00027242887794||4k uhdtv (2160p)||google play||sony rmt-tx100u||8.8 in||||802.11b, 802.11g, 802.11n, 802.11a, 802.11ac||||57.2 in||dolby digital output, dts digital output, dolby digital plus output, dolby pulse output||3840 x 2160||yes||2 speakers||261 watt||led-backlit lcd tv - smart tv||33.2 in||<http://schema.org/Product>||android tv||mobile high-definition link (mhl)||black||yes||1080/24p, 1080/60i, 480/60p, 720/60p, 1080/60p, 1080/30p, 480/60i, 2160/24p, 2160/30p, 720/24p, 720/30p, 2160/60p||4 port(s)||english, french, spanish||||yes||led backlight - direct-lit led, frame dimming||jpg, raw||||
http://dws.products.catalog/ac1b9c7b-5c5f-4def-8816-edae16e95a91||component, composite, hdmi||||tabletop||12.1 lbs||||||||||32 in||||tde||ac 120/230 v ( 50/60 hz )||tde3253b||||||||7.8 in||2 x main channel speaker - built-in||gpx||1x analog, 1x digital||||20 ms||||yes||||1 year warranty||||||||||ntsc||||atsc||||250 cd/m2||||||||tde3253b||mp3||32 in||||||178 degrees||mpeg-1, mpeg-2, avi, vob||||16:9||yes , 1 port(s)||00047323325304||720p||||||||||||||29 in||||1366 x 768||||2 speakers||||led-backlit lcd tv||19.7 in||<http://schema.org/Product>||||vga (hd-15)||||yes||720p, 1080i, 1080p||3 port(s)||||multimediacard, memory stick, sd memory card||||led backlight||jpg||||
http://dws.products.catalog/bdf4f822-e169-4f7d-8178-23e1917d10c1||||||||||||||||||55 in||||x850c||||xbr55x850c||||||||||||sony||||||||||||||||||||||||||||||||||||||||sony xbr-55x850c||||55 in||||||||||||||||||||||||||||||||||||||||2||202 watt||led-backlit lcd tv - smart tv||||<http://schema.org/Product>||||||||||||||||||||||||||
http://dws.products.catalog/c7fe7a9b-d505-4d44-b1a5-f33fab02b9d5||component, composite, hdmi||||tabletop||17.64 lbs||41.7 in||||||||43 in||||d43||ac 120 v ( 60 hz )||d43-d2||75.4 kwh||wi-fi, lan||38.2 in x 8.3 in x 24.6 in x 18.3 lbs||2.6 in||2 x main channel speaker - built-in - 10 watt||vizio||||38.2 in x 2.6 in x 22.4 in x 17.6 lbs||||||||2000000:1||1 year warranty||||||29 in||||||||||||||||||||d43-d2||||43 in||0.5 watt||120hz effective refresh rate, clear action 240||178 degrees||||25.4 lbs||16:9||1 ports||00845226043512||1080p (full hd)||netflix, youtube, pandora, vudu, facebook, flickr, ebay, spotify, crackle, tunein, hulu, iheartradio, yahoo finance, yahoo weather, vizio internet apps plus, yahoo! sports, plex, xumo, yahoo! news, yahoo! screen, ifood.tv, aircastive, hungama play, gochinatv, yupptv||vizio xrt122||5.5 in||||802.11n||||38.2 in||dolby digital plus output||1920 x 1080||||2||27.3 watt||led-backlit lcd tv - smart tv||22.4 in||<http://schema.org/Product>||||||||||||3 ports||english, french, spanish||||||led backlight - full array, local dimming||||||
http://dws.products.catalog/545ae92a-b2a5-482c-8cf7-5c23720cd650||component, composite, hdmi||mts||tabletop||101.2 lbs||71.4 in||active||||1024 x 768 (xga), 640 x 480 (vga), 800 x 600 (svga), 1280 x 768 (wxga), 1280 x 1024 (sxga), 1360 x 768, 1920 x 1080||64.5 in||sleep, wake||x900b||ac 120/230 v ( 50/60 hz )||xbr65x900b||||wi-fi, lan||||3.9 in||2 x main channel speaker - built-in 2 x subwoofer - built-in||sony||||||||hotel mode||yes||||1 year warranty||||yes||38.4 in||vhf:2-13, uhf:14-69, cable:1-135||ntsc||24p true cinema||atsc, qam||conventional 4:3, auto wide, full, wide zoom, zoom, normal, panorama, caption||||chrome mirror||yes||yes ( 3d glasses (2pcs) included )||xbr-65x900b\\us||mp3, wma, wav, lpcm||65 in||0.2 watt||motionflow xr 960||178 degrees||mpeg-1, mpeg-2, mpeg-4, motion-jpeg, xvid, wmv, avi, mkv, mov, avchd, ts, 3gpp, ps, webm||125.7 lbs||16:9||yes , 3 port(s)||00027242879096||4k uhdtv (2160p)||sony entertainment network||sony rm-yd102||8.7 in||||802.11b, 802.11g, 802.11n, 802.11a||||67.5 in||dolby digital output, dolby digital plus output, dolby pulse output||3840 x 2160||yes||2 speakers, 2 subwoofers||314 watt||led-backlit lcd tv||34.6 in||<http://schema.org/Product>||||||black||yes||1080/24p, 1080/60i, 480/60p, 720/60p, 1080/60p, 1080/30p, 480/60i, 2160/24p, 2160/25p, 2160/30p, 720/24p, 720/30p, 2160/60p||4 port(s)||english, french, spanish||||yes||led backlight - dynamic edge led backlight, local dimming||jpg, raw, mpo||||
http://dws.products.catalog/81f70ae8-be84-4b9d-9a95-361d523dcf79||component, composite, hdmi||||tabletop||47.62 lbs||54.2 in||active||||||54.6 in||||js9000||ac 120 v ( 60 hz )||un55js9000||||wi-fi, lan||||3.6 in||1 x left channel speaker - built-in - 20 watt 1 x right channel speaker - built-in - 20 watt 2 x woofer - built-in - 10 watt||samsung||1x analog, 1x digital||||||||||||||||yes||33.5 in||||||||atsc, qam||||||brushed dark silver||yes||yes ( 3d glasses included )||un55js9000fxza||||55 in||0.3 watt||240 clear motion rate||||||67.5 lbs||||yes , 3 port(s)||00887276076676||4k suhdtv (2160p)||smart hub||samsung tm1560b||7.5 in||||||||49 in||dts digital output, dolby digital plus output||3840 x 2160||yes||2 speakers, 2 woofers||245 watt||curved quantum dot backlit lcd tv - smart tv||28.1 in||<http://schema.org/Product>||||mobile high-definition link (mhl)||silver black, titan black||yes||||4 port(s)||english, french, spanish||||||led backlight - local dimming||||||
http://dws.products.catalog/89440882-6467-4d62-b5c8-1bc67f2e3e9b||composite, hdmi||||tabletop||34.25 oz||||||||||13.3 in||sleep||tde||ac 120/230 v ( 50/60 hz )||te1384b||||||||4.6 in||||gpx||||||8 ms||||yes||20000:1||1 year warranty||||||||||ntsc||||atsc||conventional 4:3, zoom, 16:9, cinema||230 cd/m2||||||||te1384b||mp3||13.3 in||||||90 degrees||||||16:9||yes , 1 ports||00047323013843||720p||||||||||||||12.5 in||||1366 x 768||||2 speakers||||led-backlit lcd tv||10.4 in||<http://schema.org/Product>||||vga (hd-15)||||yes||||1 ports||||||||led backlight||jpg||||
http://dws.products.catalog/79e62eef-463d-45e3-9237-9861261177a3||component, composite, hdmi||||tabletop||39.22 lbs||54.3 in||active - active shutter||||||54.6 in||||hu8500||ac 120 v ( 60 hz )||un55hu8500||||wi-fi, lan, bluetooth||||1.4 in||||samsung||1x analog, 1x digital||||||||||||1 year warranty||||yes||31.9 in||||||||atsc, qam||||||titan black||||yes ( 3d glasses (4pcs) included )||un55hu8500||||55 in||0.3 watt||1200 clear motion rate||||||56 lbs||||yes , 3 ports||00887276976198||4k uhdtv (2160p)||smart hub||samsung tm1480a||6.5 in||||||||48.4 in||dts digital output, dolby digital plus output||3840 x 2160||yes||2 speakers, 2 woofers||209 watt||led-backlit lcd tv - smart tv||27.8 in||<http://schema.org/Product>||||||||||||4 ports||english, french, spanish||||||led backlight - local dimming||||||
http://dws.products.catalog/aedc8cd6-faca-422f-8be7-214e1c3cbc3b||component, composite, hdmi||mts||tabletop||51.8 lbs||52.3 in||||||1024 x 768 (xga), 640 x 480 (vga), 800 x 600 (svga), 1280 x 768 (wxga), 1280 x 1024 (sxga), 1360 x 768, 1920 x 1080||54.6 in||sleep, wake||x800||ac 120/230 v ( 50/60 hz )||xbr55x800b||||wi-fi, lan||48.5 in x 11.2 in x 30.9 in x 53.1 lbs||2.6 in||2 x main channel speaker - built-in - 10 watt||sony||1x analog/digital combo||48.5 in x 2.6 in x 29.2 in x 51.8 lbs||||hotel mode, variable audio output, demo mode||yes||||1 year warranty||||yes||32.6 in||||ntsc||24p true cinema||atsc, qam||conventional 4:3, auto wide, full, wide zoom, zoom, normal, panorama, caption||||silver||yes||||xbr-55x800b||mp3, wma, wav, lpcm||55 in||0.2 watt||motionflow xr 240 technology||178 degrees||mpeg-1, mpeg-2, mpeg-4, motion-jpeg, xvid, wmv, avi, mkv, mov, avchd, ts, 3gpp, ps, webm||70.5 lbs||16:9||3 port(s)||00027242885660||4k uhdtv (2160p)||sony entertainment network||sony rm-yd103||7.8 in||||802.11b, 802.11g, 802.11n, 802.11a||||48.5 in||dolby digital output, dolby digital plus output, dolby pulse output||3840 x 2160||yes||2||257 watt||led-backlit lcd tv||29.2 in||<http://schema.org/Product>||||mobile high-definition link (mhl)||silver||yes||1080/24p, 1080/60i, 480/60p, 720/60p, 1080/60p, 1080/30p, 480/60i, 2160/24p, 2160/25p, 2160/30p, 720/24p, 720/30p, 2160/60p||4 port(s)||english, french, spanish||||yes||led backlight - frame dimming||jpg, raw, mpo||||
http://dws.products.catalog/93080d03-dba2-4386-824e-21f634504c3b||component, composite, hdmi||mts||tabletop||26 lbs||41.7 in||||yes||1024 x 768 (xga), 640 x 480 (vga), 800 x 600 (svga), 1280 x 768 (wxga), 1280 x 1024 (sxga), 1360 x 768, 1920 x 1080, 3840 x 2160||42.5 in||sleep, wake||x830c||ac 120/230 v ( 50/60 hz )||xbr43x830c||122 kwh||wi-fi, lan||37.8 in x 7.4 in x 23.8 in||2.4 in||2 x main channel speaker - built-in - 10 watt||sony||1x analog/digital combo||37.8 in x 2.4 in x 22.4 in||||hotel mode, demo mode||yes||||1 year||yes||yes||28.2 in||vhf:2-13, uhf:14-69, cable:1-135||ntsc||24p true cinema||atsc, qam||conventional 4:3, auto wide, full, wide zoom, zoom, normal||||dark chrome mirror flat shaft||yes||no||xbr-43x830c||mp3, wma, wav, flac (free lossless audio codec), lpcm||43 in||0.5 watt||motionflow xr 960||178 degrees||mpeg-1, mpeg-2, mpeg-4, motion-jpeg, xvid, wmv, avi, mkv, mov, avchd, ts, 3gpp, ps, webm||37.5 lbs||16:9||3 port(s)||00027242888067||4k uhdtv (2160p)||||sony rmt-tx100u||6.2 in||||802.11b, 802.11g, 802.11n, 802.11a, 802.11ac||||37.8 in||dolby digital output, dts digital output, dolby digital plus output, dolby pulse output||3840 x 2160||yes||2||135 watt||led-backlit lcd tv - smart tv||22.4 in||<http://schema.org/Product>||android tv||mobile high-definition link (mhl)||black||yes||1080/24p, 1080/60i, 480/60p, 720/60p, 1080/60p, 1080/30p, 480/60i, 2160/24p, 2160/30p, 720/24p, 720/30p, 2160/60p||4 port(s)||english, french, spanish||||yes||led backlight - edge-lit, frame dimming||jpg, raw||||
http://dws.products.catalog/08667c9f-a3b6-48e9-aa05-bb24e81654b8||component, composite, hdmi||mts||tabletop||92.6 lbs||62.6 in||active||||1024 x 768 (xga), 640 x 480 (vga), 800 x 600 (svga), 1280 x 768 (wxga), 1280 x 1024 (sxga), 1360 x 768, 1920 x 1080||64.5 in||sleep, wake||x950b||ac 120/230 v ( 50/60 hz )||xbr65x950b||||wi-fi, lan, nfc||||4.2 in||2 x main channel speaker - built-in - 10 watt 1 x subwoofer - built-in - 10 watt||sony||1x analog/digital combo||||||hotel mode||yes||||1 year warranty||||yes||40.2 in||vhf:2-13, uhf:14-69, cable:1-135||ntsc||24p true cinema||atsc, qam||conventional 4:3, auto wide, full, wide zoom, zoom, normal, panorama, caption||||||yes||yes ( 3d glasses (2pcs) included )||xbr-65x950b||mp3, wma, wav, lpcm||65 in||0.2 watt||motionflow xr 960||178 degrees||mpeg-1, mpeg-2, mpeg-4, motion-jpeg, xvid, wmv, avi, mkv, mov, avchd, ts, 3gpp, ps, webm||116.8 lbs||16:9||yes , 3 port(s)||00027242879119||4k uhdtv (2160p)||sony entertainment network||sony rm-yd102||8.8 in||||802.11b, 802.11g, 802.11n, 802.11a||||58.7 in||dolby digital output, dolby digital plus output, dolby pulse output||3840 x 2160||yes||2 speakers, subwoofer||369 watt||led-backlit lcd tv||35.3 in||<http://schema.org/Product>||||||black||yes||1080/24p, 1080/60i, 480/60p, 720/60p, 1080/60p, 1080/30p, 480/60i, 2160/24p, 2160/25p, 2160/30p, 720/24p, 720/30p, 2160/60p||4 port(s)||english, french, spanish||||yes||led backlight - full array, local dimming||jpg, raw, mpo||||
http://dws.products.catalog/37e25867-2268-42b5-ba00-95f2165bd2e7||component, composite, hdmi||mts||tabletop||25.57 lbs||47.1 in||||||||49 in||||uf6400||ac 120/230 v ( 50/60 hz )||49uf6400||||wi-fi, lan||||3.2 in||||lg||||||||||||||1 year warranty||||||31.1 in||||||24p real cinema||||just scan||||||||||49uf6400/us||mp3, pcm, aac, he-aac, e-ac3||49 in||0.3 watt||trumotion 120hz||||divx hd, hevc, vp9||33.5 lbs||||yes , 1 ports||00719192596696||4k uhdtv (2160p)||||||6 in||||||||43.6 in||dolby digital output, dts digital output||3840 x 2160||yes||2 speakers||||led-backlit lcd tv - smart tv||25.9 in||<http://schema.org/Product>||webos 2.0||||||||||2 ports||||||yes||led backlight||jpg||||
http://dws.products.catalog/895b36e8-a5fc-4e40-8679-a05e2ba0442a||component, hdmi||mts||tabletop||34.6 lbs||52.4 in||||||||49.5 in||sleep||eh5300||||un50eh5300||||wi-fi, lan||||3.7 in||2 x main channel speaker - built-in - 10 watt||samsung||||||||||||3500000:1||1 year warranty||||yes||30 in||||||||atsc, qam||||||||||||un50eh5300||||50 in||||120 hz clear motion rate||||||47.8 lbs||||yes , 2 port(s)||00036725237933||1080p (fullhd)||smart hub||||6.8 in||||||||44.9 in||dolby digital plus output, dolby pulse output||1920 x 1080||yes||2 speakers||||led-backlit lcd tv - smart tv||26.4 in||<http://schema.org/Product>||||||black||yes||||3 port(s)||||||yes||led backlight||||||
http://dws.products.catalog/9e623100-9cd5-48a1-bd66-e14b7c9771fa||component, composite, hdmi||||tabletop||30.03 lbs||47.6 in||||||||49.5 in||||d50u||||d50u-d1||||wi-fi, lan||44.2 in x 10 in x 28.3 in x 30.9 lbs||2.5 in||2 x main channel speaker - built-in - 10 watt||vizio||||44.2 in x 2.5 in x 25.9 in x 30 lbs||||||||5000000:1||1 year warranty||||||30 in||||||||||||||||||||d50u-d1||||50 in||0.5 watt||120hz effective refresh rate, clear action 240||178 degrees||||36.6 lbs||16:9||||00845226013676||4k uhdtv (2160p)||vizio internet apps plus||vizio xrt122||5.1 in||||802.11ac||||44.2 in||||3840 x 2160||||2||73 watt||led-backlit lcd tv - smart tv||25.9 in||<http://schema.org/Product>||||||||||||5 ports||english, french, spanish||||||led backlight - full array||||||
http://dws.products.catalog/e2464973-d5c1-4cc5-9e5d-495345badada||component, composite, hdmi||||tabletop||27.6 lbs||50.9 in||active - active shutter||||||49.5 in||||ju7100||ac 120 v ( 60 hz )||un50ju7100||||wi-fi, lan||||2.1 in||2 x main channel speaker - built-in - 10 watt||samsung||1x analog, 1x digital||||||||yes||||||||yes||29.1 in||||||||atsc, qam||||||brushed silver||yes||yes ( 3d glasses sold separately )||un50ju7100fxza||||50 in||||240 clear motion rate||||||41.4 lbs||||yes , 3 port(s)||00887276096940||4k uhdtv (2160p)||smart hub||samsung tm1560a||6.4 in||||802.11ac||||44.4 in||dts digital output, dolby digital plus output||3840 x 2160||yes||2 speakers||||led-backlit lcd tv - smart tv||25.8 in||<http://schema.org/Product>||||mobile high-definition link (mhl)||black||yes||||4 port(s)||english, french, spanish||||||led backlight - local dimming||||||
http://dws.products.catalog/e42e8a11-22e7-468a-b64c-84cb59a0c045||component, composite, hdmi||||tabletop||50.7 lbs||66.1 in||||||||60 in||||j6200a||ac 120 v ( 60 hz )||un60j6200a||||wi-fi, lan||||3.7 in||2 x main channel speaker - built-in - 10 watt||samsung||||||||||yes||||1 year warranty||||yes||36.8 in||||||||atsc, qam||||||black||yes||||un60j6200afxza||||60 in||||120 clear motion rate||||||74.7 lbs||||yes , 2 port(s)||00887276061948||1080p (fullhd)||smart hub||samsung tm1240a||7.9 in||||802.11n||||53.9 in||dolby digital plus output||1920 x 1080||yes||2 speakers||165 watt||led-backlit lcd tv - smart tv||31.5 in||<http://schema.org/Product>||||||||||||2 port(s)||english, french, spanish||||||led backlight||||||
http://dws.products.catalog/90c223bf-4232-4b66-a1a1-4330241b2f04||component, composite, hdmi||ntsc-m||tabletop||33.29 lbs||61.1 in||||||1024 x 768 (xga), 640 x 480 (vga), 800 x 600 (svga), 1280 x 1024 (sxga), 1152 x 864, 1680 x 1050 (wsxga+), 1920 x 1080, 1600 x 900, 3840 x 2160||54.6 in||||x850||||xbr55x850d||122 kwh||wi-fi, lan, bluetooth||48.5 in x 10.4 in x 30.3 in x 41 lbs||1.7 in||2 x main channel speaker - built-in||sony||1x analog/digital combo||48.5 in x 1.7 in x 28.2 in x 33.3 lbs||||hotel mode, demo mode||yes||||1 year warranty||yes||yes||32.5 in||vhf:2-13, uhf:14-69, cable:1-135||ntsc||24p true cinema||atsc, qam||||||silver||||||xbr-55x850d||mp3, wma, wav, pcm, flac (free lossless audio codec), lpcm||55 in||0.5 watt||motionflow xr 960||178 degrees||mpeg-1, mpeg-2, motion-jpeg, wmv, avi, mkv, mov, avchd, ts, 3gpp, ps, webm, mp4||59.5 lbs||16:9||3 ports||00027242896420, 00888299003809||4k uhd (2160p)||netflix, youtube, pandora, amazon video, google play, hulu||sony rmt-tx200u||7.2 in||||802.11b, 802.11g, 802.11n, 802.11a, 802.11ac||16 gb||48.5 in||dolby digital output, dts digital output, dolby digital plus output, dolby pulse output||3840 x 2160||yes||2||139 watt||led-backlit lcd tv - smart tv||28.2 in||<http://schema.org/Product>||||||||yes||480p, 480i, 1080/24p, 1080/60i, 720/60p, 1080/60p, 1080/30p, 2160/24p, 2160/30p, 720/24p, 720/30p, 2160/60||4 ports||english, french, spanish||||||led backlight - edge-lit, frame dimming||jpeg||||
http://dws.products.catalog/e51724a8-2c13-4373-947a-5479d587ec6f||component, composite, hdmi||||tabletop||63.71 lbs||65 in||active||||1024 x 768 (xga), 640 x 480 (vga), 800 x 600 (svga), 1280 x 1024 (sxga), 1152 x 864, 1680 x 1050 (wsxga+), 1920 x 1080, 1600 x 900, 3840 x 2160||64.5 in||||x930d||||xbr65x930d||||wi-fi, lan, bluetooth||||1.4 in||||sony||1x analog/digital combo||||||hotel mode, demo mode||yes||||1 year warranty||||yes||39.6 in||vhf:2-13, uhf:14-69, cable:1-135||ntsc||24p true cinema||atsc, qam||||||dark silver||||yes||xbr-65x930d/us||mp3, wma, wav, pcm, flac (free lossless audio codec), lpcm||65 in||0.5 watt||motionflow xr 960||178 degrees||mpeg-1, mpeg-2, motion-jpeg, wmv, avi, mkv, mov, avchd, ts, 3gpp, ps, webm, mp4||94.8 lbs||16:9||yes , 3 ports||00027242896550||4k uhd (2160p)||netflix, youtube, pandora, amazon video, google play, hulu||sony rmf-tx200u||7.8 in||||802.11b, 802.11g, 802.11n, 802.11a, 802.11ac||16 gb||57.4 in||dolby digital output, dts digital output, dolby digital plus output, dolby pulse output||3840 x 2160||yes||2 woofers, 2 tweeters||225 watt||led-backlit lcd tv - smart tv||33 in||<http://schema.org/Product>||android tv||||||yes||480p, 480i, 1080/24p, 1080/60i, 720/60p, 1080/60p, 1080/30p, 2160/24p, 2160/30p, 720/24p, 720/30p, 2160/60p||4 ports||english, french, spanish||||||led backlight - edge-lit, local dimming||jpeg||||
http://dws.products.catalog/715c44ff-92fd-4266-8e35-d7e1440d17ba||component, composite, hdmi||||tabletop||41.9 lbs||56.1 in||||||||54.6 in||||js8500||ac 120 v ( 60 hz )||un55js8500||||wi-fi, lan||||1.2 in||1 x left channel speaker - built-in - 10 watt 1 x right channel speaker - built-in - 10 watt 2 x woofer - built-in - 10 watt||samsung||1x analog, 1x digital||||||||||||1 year warranty||||yes||31.9 in||||||||atsc, qam||||||brushed silver||yes||yes ( 3d glasses included )||un55js8500fxza||||55 in||0.3 watt||240 clear motion rate||||||57.5 lbs||||yes , 3 port(s)||00887276096452||4k suhdtv (2160p)||||samsung tm1560a||6.2 in||||802.11ac||||49.1 in||dts digital output, dolby digital plus output||3840 x 2160||yes||2 speakers, 2 woofers||215 watt||led-backlit lcd tv - smart tv||28.1 in||<http://schema.org/Product>||||mobile high-definition link (mhl)||silver||yes||||4 port(s)||english, french, spanish||||||led backlight - local dimming||||||
http://dws.products.catalog/8e8a2b69-9a78-46ed-9687-cd9ba97eebd6||component, composite, hdmi||||tabletop||42.33 lbs||66.4 in||||yes||||60 in||||js7000||ac 120 v ( 60 hz )||un60js7000||||wi-fi, lan, bluetooth||53.5 in x 14.5 in x 32.8 in||2.5 in||2 x main channel speaker - built-in - 10 watt||samsung||1x analog, 1x digital||53.5 in x 2.5 in x 31.1 in||||||||||||||yes||36.5 in||||||||atsc, qam||||||dark titan||yes||||un60js7000fxza||||60 in||||120 clear motion rate||||||67.7 lbs||||3 ports||00887276130088||4k suhdtv (2160p)||smart hub||samsung tm1260c||6.9 in||||802.11ac||||53.5 in||dolby digital output, dts digital output, dolby digital plus output||3840 x 2160||yes||2||130 kwh||led-backlit lcd tv - smart tv||31.1 in||<http://schema.org/Product>||||||||yes||||4 ports||english, french, spanish||||||led backlight - full array||||||
http://dws.products.catalog/718fd291-40db-4f99-a709-43fd377e1180||component, composite, hdmi||||tabletop||60 lbs||66.2 in||||||||60 in||sleep, wake||eh6003||ac 120 v ( 60 hz )||un60eh6003||||||||12.9 in||2 x main channel speaker - built-in - 10 watt||samsung||1x analog, 1x digital||||||||||||1 year warranty||||yes||36.8 in||||||||atsc, qam||||||||||||un60eh6003||||60 in||0.3 watt||240 hz clear motion rate||||||74.7 lbs||||yes , 1 port(s)||00887276958286||1080p (fullhd)||||samsung tm1240||7.9 in||||||||54.1 in||dts digital output, dolby digital plus output, dolby pulse output||1920 x 1080||yes||2 speakers||149 watt||led-backlit lcd tv||33.9 in||<http://schema.org/Product>||||||high glossy black||yes||||2 port(s)||english, french, spanish||||||led backlight||||||
http://dws.products.catalog/edee59a4-26d0-47f5-ae82-fcc6f079df0b||component, composite, hdmi||||tabletop||||62.2 in||||||||64.5 in||sleep, wake||x810c||||xbr65x810c||||wi-fi, lan, nfc||||||||sony||||||||||yes||||||||yes||38 in||||||24p true cinema||||auto wide, full, wide zoom, zoom, normal||||black||||||xbr-65x810c||||65 in||||motionflow xr 960||178 degrees||hevc||||16:9||yes , 3 ports||00027242888265||4k uhdtv (2160p)||google play, voice search||sony rmt-tx100u||8.6 in||||||||||dolby digital output, dolby digital plus output, dolby pulse output||3840 x 2160||yes||2 speakers||||led-backlit lcd tv - smart tv||||<http://schema.org/Product>||android tv||mobile high-definition link (mhl)||||||1080/24p, 1080/60i, 480/60p, 720/60p, 1080/60p, 1080/30p, 480/60i, 2160/24p, 2160/30p, 720/24p, 720/30p, 2160/60p||4 ports||english, french, spanish||||||led backlight - direct-lit led, frame dimming||||||
http://dws.products.catalog/b1665b99-ac8c-46ee-a388-802534f07f9b||component, composite, hdmi||||tabletop||49.4 lbs||61.9 in||active||||||64.5 in||||h7150||ac 120 v ( 60 hz )||un65h7150||||wi-fi, lan||||1.4 in||2 x main channel speaker - built-in - 10 watt 2 x subwoofer - 10 watt||samsung||1x analog, 1x digital||||||||yes||||||||yes||37.2 in||||||||atsc, qam||||||silver||||yes ( 3d glasses (2pcs) included )||un65h7150fxza||||65 in||||960 clear motion rate||||||70.5 lbs||||yes , 3 port(s)||00887276680774||1080p (fullhd)||smart hub||||7.2 in||||||||57.1 in||dolby digital output||1920 x 1080||yes||2 speakers, 2 woofers||||led-backlit lcd tv - smart tv||32.9 in||<http://schema.org/Product>||||||black||yes||||4 port(s)||english, french, spanish||||||led backlight||||||
http://dws.products.catalog/12433621-b013-41c5-87d6-ea5911c179cf||component, composite, hdmi||mts||tabletop||95.2 lbs||62.6 in||active||||||64.5 in||standby, sleep, wake||hx929||ac 120 v ( 60 hz )||xbr65hx929||||wi-fi, lan||||2.5 in||2 x speaker - 10 watt 1 x subwoofer - 10 watt||sony||1x analog/digital combo||||||||yes||||18 months warranty||||yes||40.6 in||vhf:2-13, uhf:14-69, cable:1-135||ntsc||24p true cinema||atsc, qam||conventional 4:3, auto wide, full, wide zoom, zoom, normal, caption||||||yes||yes||xbr-65hx929||mp3, wma, lpcm||65 in||||motionflow xr 960||178 degrees||mpeg-1, mpeg-2, mpeg-4, wmv, avchd, avc||138.7 lbs||16:9||yes , 2 port(s)||00027242816633||1080p (fullhd)||bravia internet video, bravia internet widgets||sony rm-yd057||18.1 in||||||||59.1 in||dolby digital output, dolby digital plus output, dolby pulse output||1920 x 1080||yes||2 speakers, subwoofer||265 watt||led-backlit lcd tv||35.4 in||<http://schema.org/Product>||||vga (hd-15)||black||yes||1080/24p, 1080/60i, 480/60p, 720/60p, 1080/60p, 480/60i||4 port(s)||english, french, spanish||||yes||led backlight - intelligent peak led backlight, local dimming||jpg||||
http://dws.products.catalog/efa85588-83ca-4f5d-8fb5-53de02536ca6||component, composite, hdmi||mts||tabletop||19.8 lbs||41.6 in||||yes||||||||uf6400||ac 120/230 v ( 50/60 hz )||43uf6400||||wi-fi, lan||38.4 in x 8.2 in x 24.5 in||3.2 in||||lg||||38.4 in x 3.2 in x 23 in||||||||||1 year||||||26 in||||||24p real cinema||||just scan||||||||||43uf6400/us||mp3, pcm, aac, he-aac, e-ac3||43 in||0.3 watt||trumotion 120hz||||divx hd, hevc, vp9||22.3 lbs||8 modes (16:9, just scan, original, full wide, 4:3, 14:9, cinema zoom 1, zoom)||1 ports||00719192596719||4k uhdtv (2160p)||||||6 in||120hz||||||38.4 in||dolby digital output, dts digital output||3840 x 2160||yes||2||||led-backlit lcd tv - smart tv||23 in||<http://schema.org/Product>||webos 2.0||||||||||2 ports||||||yes||led backlight||jpg||||
http://dws.products.catalog/f9ff87f3-a84c-4c41-867a-d302b14dbd75||component, composite, hdmi||||tabletop||56.2 lbs||||||||||64.5 in||||h6350||ac 120 v ( 60 hz )||un65h6350||||wi-fi, lan||||2.8 in||2 x main channel speaker - built-in - 10 watt||samsung||1x analog, 1x digital||||||||yes||||||||yes||||||||||atsc, qam||||||matte silver||||||un65h6350||||65 in||||240 hz clear motion rate||||||||||yes , 3 port(s)||00887276674391||1080p (fullhd)||smart hub||samsung tm1260c||||||||||57.5 in||dolby digital output||1920 x 1080||yes||2 speakers||||led-backlit lcd tv - smart tv||33.3 in||<http://schema.org/Product>||||||||yes||||4 port(s)||english, french, spanish||||||led backlight||||||
http://dws.products.catalog/1f0cc6c7-6305-4cd6-ba96-6c4b2227d122||component, composite, hdmi||mts||tabletop||44.1 lbs||66 in||passive - polarized||yes||||64.5 in||||eg9600||ac 120/230 v ( 50/60 hz )||65eg9600||||wi-fi, lan||57.1 in x 9.3 in x 34.8 in||2 in||2 x main channel speaker - built-in - 10 watt||lg||||57.1 in x 2 in x 33.1 in||||||||||1 year||||yes||36.8 in||||||24p real cinema||||just scan||||||||yes||65eg9600/us||mp3, wma, pcm, ac3, aac, he-aac, e-ac3, dts||65 in||0.3 watt||||||divx hd||71 lbs||||3 port(s)||00719192596948||4k uhdtv (2160p)||||universal remote control||10 in||||||||57.1 in||||3840 x 2160||yes||2||||curved oled tv - smart tv||33.1 in||<http://schema.org/Product>||||||||||||3 port(s)||||||yes||||jpg, mpo, jps||||
http://dws.products.catalog/0feaeeec-29d9-4cd3-b4cc-6dc40edbc222||component, composite, hdmi||||||23.15 lbs||54.5 in||||||||49.5 in||||j5200a||ac 120 v ( 60 hz )||un50j5200a||||wi-fi, lan||||2.4 in||||samsung||||||||||||||1 year warranty||||yes||29.4 in||||||||atsc, qam||||||||yes||||un50j5200afxza||||50 in||0.3 watt||60 clear motion rate||||||34.2 lbs||||yes||00887276069210||1080p (fullhd)||smart hub||samsung tm1240a||6.4 in||||||||44.9 in||dts digital output, dolby digital plus output||1920 x 1080||yes||2 speakers||125 watt||led-backlit lcd tv - smart tv||24.5 in||<http://schema.org/Product>||||||||yes||||2 ports||english, french, spanish||||||led backlight||||||
